President Elect,prop_missing
Bush,0.017556576098029776
Obama,0.018079838759169117
Trump,0.02202527461500776
