Has College Degree,Bush,Obama,Trump
False,0.017764106841840016,0.020165820106549413,0.02492597040241456
True,0.017332853738590892,0.016239924134660976,0.01997506579858706
